sku,catalog_name,guide_name,role_type,form,category,analysis,npk,product_url,pack_sizes,calendar_how_often,calendar_cadence_days,calendar_window,calendar_one_off,calendar_max_per_year,calendar_tank_group,calendar_method,calendar_notes,mix_together,independent,water_in,soil_drench,foliar,fertigation,hydroponic,hose_on,mix_with_iron,usage_frequency_text,usage_rate_text,usage_min_dilution,usage_application_notes,calculator_frequency,calculator_dilution,calculator_rate_100m2,calculator_notes,garden_natives_half_strength,combined_notes,in_catalog,in_calendar,in_usage_guide,in_rates_calculator
DOL,Dolomite Granules 1–2mm Mini Prill (Calcium Magnesium Carbonate Soil Conditioner),Dolomite Granules,soil_chemistry,granular,Soil amendment (pH buffer + calcium + magnesium mineral conditioner),Calcium magnesium carbonate (dolomite),,https://www.plantdoctor.com.au/dolomite-granules-1-2mm-mini-prill-granular-slow-r,,Once in autumn or early spring,365,year_round,1,1,granular,spread,Test pH and magnesium first. Wait 6 weeks before iron.,0,0,1,0,0,0,0,0,0,Apply during autumn or early spring for best results. Can be used as part of a regular soil improvement program or before planting and lawn establishment.,5 kg per 100 m² (may vary with soil pH and magnesium levels).,,"Test soil pH and magnesium levels before application. Apply evenly across the area and water in to help granules break down. Avoid over-application, as excessive use can create nutrient imbalances.",,,,,0,"Test pH and magnesium first. Wait 6 weeks before iron. | Test soil pH and magnesium levels before application. Apply evenly across the area and water in to help granules break down. Avoid over-application, as excessive use can create nutrient imbalances.",1,1,1,0
LEN,Lawn Envy Hose-On Liquid Lawn & Garden Tonic,Lawn Envy,nutrition,hose-on,All-in-one liquid fertiliser;  soil conditioner,Concentrate 16-1-5 NPK + 1% Fe EDTA; hose-on 8-1-3 NPK + iron,16-1-5,https://www.plantdoctor.com.au/lawn-envy,"4L, 10L",Every 4 weeks year-round,28,year_round,0,12,iron,hose-on,Apply independently from other liquids. Offset ~2 weeks if alternating with MaxGreen.,0,1,1,0,0,0,0,1,0,"Apply year-round for ongoing lawn and garden health. Ideal during nutrient stress, dull colour, dry patches, hydrophobic soils, post-mowing recovery and general maintenance.",2 L hose-on covers up to 200 m². 1 L concentrate: mix into the 2 L hose-on bottle or use with EZFLO.,,"HOSE ON: connect the hose-on bottle and spray evenly. For refills, reuse the bottle with 4 L or 10 L concentrate packs. Can also be added to EZFLO. CONCENTRATE: shake well, apply during the coolest part of the day, lightly water in. Apply separately from most liquid fertilisers and pesticides.","Apply every ~4 weeks under active growth. When alternating with complementary products (e.g., MaxGreen), offset applications by ~2 weeks.",1:2,500–1000 mL / 100 m²,"Use 1 L concentrate + water to make ~2 L ready‑to‑use. A 4L refill to provide 8 treatments based on a 50/50 mix with water for each refill. | Ready‑to‑use coverage: 2 L bottle ≈ 200 m²
Concentrate refills provide up to ~8 applications in a 2 L bottle when diluted 1:1 with water.
Compatible with EZFLO fertigation systems for larger or irregular areas.
Pre‑mixed formula combines nutrients, wetting agents, organic stimulants and trace elements; excellent for overall plant and soil health beyond turf.",0,"Apply independently from other liquids. Offset ~2 weeks if alternating with MaxGreen. | HOSE ON: connect the hose-on bottle and spray evenly. For refills, reuse the bottle with 4 L or 10 L concentrate packs. Can also be added to EZFLO. CONCENTRATE: shake well, apply during the coolest part of the day, lightly water in. Apply separately from most liquid fertilisers and pesticides. | Use 1 L concentrate + water to make ~2 L ready‑to‑use. A 4L refill to provide 8 treatments based on a 50/50 mix with water for each refill. | Ready‑to‑use coverage: 2 L bottle ≈ 200 m²
Concentrate refills provide up to ~8 applications in a 2 L bottle when diluted 1:1 with water.
Compatible with EZFLO fertigation systems for larger or irregular areas.
Pre‑mixed formula combines nutrients, wetting agents, organic stimulants and trace elements; excellent for overall plant and soil health beyond turf.",1,1,1,1
LIMEGr,Lime Granules (1–2mm Slow Release Calcium Carbonate),Lime Granules 1-2mm Slow Release,soil_chemistry,granular,Soil amendment (agricultural lime / pH correction),Calcium carbonate (CaCO3),,https://www.plantdoctor.com.au/lime-granules-1-2mm-slow-release,,Once in autumn or early spring,365,year_round,1,1,granular,spread,Apply when soil tests show low pH. Wait 6 weeks before iron.,0,0,1,0,0,0,0,0,0,Apply when soil tests indicate acidic soil (low pH). Best applied in autumn or early spring before planting or as part of a seasonal soil improvement program.,Varies by soil type to raise pH by about 1 unit.,,"Spread evenly over the soil surface and water in well. Where possible, incorporate into the topsoil. Always perform a soil test before application to determine the correct rate. Wait 6 weeks before applying iron.",,,,,0,"Apply when soil tests show low pH. Wait 6 weeks before iron. | Spread evenly over the soil surface and water in well. Where possible, incorporate into the topsoil. Always perform a soil test before application to determine the correct rate. Wait 6 weeks before applying iron.",1,1,1,0
LIR,Liquid Iron Fertiliser (7% Iron + 3% Sulphur + Fulvic Acid),Liquid Iron Fertiliser - 7% Iron 3% Sulphur,visual,liquid,Liquid micronutrient fertiliser (iron corrective),"7% Fe, 3% S + fulvic acid",,https://www.plantdoctor.com.au/plant-doctor-7-iron-3-sulphur-liquid-fertiliser,"1L, 4L, 10L",Every 4 weeks in the growing season,28,growing_season,0,8,iron,spray,Trees and grapevines every 6–8 weeks. May stain paths.,0,1,1,0,0,0,0,0,0,"Apply every 4 weeks during the growing season, or as required to correct iron deficiency and improve colour. Trees and grapevines can be applied every 6–8 weeks.",150–400 mL per 100 m² depending on plant type.,1:50,"Apply as a foliar spray or soil drench during the coolest part of the day. Can be mixed with Stimulizer, but should be applied separately from most other fertilisers and liquid products. Always perform a jar test before mixing.","Lawns: every ~4 weeks during growing season or as needed
Vegetables: every ~2 weeks or as required
Ornamentals: ~every 4 weeks during active growth
Trees/Fruits/Nuts/Vines: every ~6–8 weeks or as needed",1:50,150–400 mL / 100 m²,"Corrects iron chlorosis (yellowing due to iron deficiency) and boosts green colour.
Can be used as foliar spray or soil drench.
Iron should be applied separately from other fertilisers to avoid reactions; compatible with some humic products but test before mixing.
Iron application may stain paths/clothes; apply in calm conditions.",0,"Trees and grapevines every 6–8 weeks. May stain paths. | Apply as a foliar spray or soil drench during the coolest part of the day. Can be mixed with Stimulizer, but should be applied separately from most other fertilisers and liquid products. Always perform a jar test before mixing. | Corrects iron chlorosis (yellowing due to iron deficiency) and boosts green colour.
Can be used as foliar spray or soil drench.
Iron should be applied separately from other fertilisers to avoid reactions; compatible with some humic products but test before mixing.
Iron application may stain paths/clothes; apply in calm conditions.",1,1,1,1
MG,MaxGreen Hi-Nitrogen + Iron Liquid Fertiliser,MaxGreen Hi-N & Iron liquid fertiliser,nutrition,hose-on,Liquid fertiliser (high nitrogen + iron + fulvic acid),"16% N, 5% Fe, 2% S + fulvic acid",,https://www.plantdoctor.com.au/maxgreen-hi-n-iron-liquid-fertiliser-growth-plus-g,"1L, 2L, 4L, 10L",Monthly in the growing season,28,growing_season,0,8,iron,hose-on,Fortnightly on vegetables; every 6–8 weeks on trees and vines. Skip summer if fungal issues. Mixable with Stimulizer only.,0,1,1,0,0,0,0,1,0,"Apply monthly during the growing season for lawns and ornamentals, fortnightly for vegetables, and every 6–8 weeks for trees, fruit, nuts and grapevines, or as required.",2 L hose-on covers 200 m². Concentrate 140–400 mL per 100 m².,,"HOSE ON: connect bottle and spray evenly; refill with 4 L or 10 L concentrate; EZFLO compatible. CONCENTRATE: shake well, apply in the coolest part of the day, lightly water in. Apply separately from most liquid fertilisers and pesticides. Stimulizer is compatible for tank mixing.",Monthly in growing season,Dilute into water and spray evenly across leaf/soil surface; lightly water in after application.,140–400 mL / 100 m²,Corrects iron deficiency and supports green colour and growth in turf & ornamentals. Avoid mixing with incompatible products; add iron last after other liquids diluted. | Use during active growth to support greener foliage and nutrient uptake; adjust frequency based on plant response. | Iron helps correct chlorosis; nitrogen supports vigorous growth.,0,"Fortnightly on vegetables; every 6–8 weeks on trees and vines. Skip summer if fungal issues. Mixable with Stimulizer only. | HOSE ON: connect bottle and spray evenly; refill with 4 L or 10 L concentrate; EZFLO compatible. CONCENTRATE: shake well, apply in the coolest part of the day, lightly water in. Apply separately from most liquid fertilisers and pesticides. Stimulizer is compatible for tank mixing. | Corrects iron deficiency and supports green colour and growth in turf & ornamentals. Avoid mixing with incompatible products; add iron last after other liquids diluted. | Use during active growth to support greener foliage and nutrient uptake; adjust frequency based on plant response. | Iron helps correct chlorosis; nitrogen supports vigorous growth.",1,1,1,1
NSO,,Neem Seed Oil - 100% Cold Pressed virgin oil,,oil,,100% cold-pressed Azadirachta indica oil,,,,,,,0,,,,,0,0,0,0,1,0,0,0,0,"Apply during active plant growth, as part of a preventative plant care routine, or when plants are under pest pressure or environmental stress. Repeat 7 days after the initial application, then apply as required.",Varies by application type.,,"Dilute before use and spray directly onto leaves (top and underside), stems and soil surface. Add a biodegradable detergent to help emulsify the oil with water. Avoid applying during extreme heat or strong sunlight. Not currently in the Product Guide / Calendar catalog — SKU NSO is a placeholder.",,,,,0,"Dilute before use and spray directly onto leaves (top and underside), stems and soil surface. Add a biodegradable detergent to help emulsify the oil with water. Avoid applying during extreme heat or strong sunlight. Not currently in the Product Guide / Calendar catalog — SKU NSO is a placeholder.",0,0,1,0
NSWL,Nature’s Soil Wetter Liquid (Super Concentrated Plant-Based Wetting Agent),Nature's Soil Wetter - Liquid,soil_structure,liquid,Liquid soil wetter; surfactant; soil hydrology enhancer,"Plant-derived wetter + humates, fulvates, botanical extracts, 70+ traces",,https://www.plantdoctor.com.au/natures-soil-wetter-liquid-super-concentrated-plan,"1L, 4L, 10L",Every 2–4 weeks when soils are dry or water-repellent,21,growing_season,0,12,no_iron_mix,spray,"Mix gently, do not shake. Do not tank-mix with iron.",1,0,1,1,1,1,0,0,0,"Apply every 2–4 weeks, or as required, when soils become dry, water repellent or compacted. Ideal during dry periods or whenever water struggles to penetrate the soil profile.",100 mL per 100 m²,,"Mix gently before use, do not shake. Water in lightly after application to activate the product. Compatible with most fertilisers, although a jar test is recommended before mixing with acidic or sulphate-based products.",Apply every 2-4 weeks,Dilute in water and spray evenly over soil/area; water in lightly after application to activate soil penetration. Tank or pump sprayer recommended for larger areas.,100 mL / 100 m²,"Plant‑based wetting agent and soil conditioner that improves infiltration, water retention, and soil structure in dry or hydrophobic soils.
Safe for all plants including natives and edibles; compatible with most fertilisers (jar test recommended first).
Can be used as adjuvant with foliar/soil feeds to improve uptake and reduce water run‑off.",0,"Mix gently, do not shake. Do not tank-mix with iron. | Mix gently before use, do not shake. Water in lightly after application to activate the product. Compatible with most fertilisers, although a jar test is recommended before mixing with acidic or sulphate-based products. | Plant‑based wetting agent and soil conditioner that improves infiltration, water retention, and soil structure in dry or hydrophobic soils.
Safe for all plants including natives and edibles; compatible with most fertilisers (jar test recommended first).
Can be used as adjuvant with foliar/soil feeds to improve uptake and reduce water run‑off.",1,1,1,1
STM,Stimulizer Super Concentrate Bio-Stimulant (Fulvic + Humic + Mineral Chelator Blend),Stimulizer,uptake,liquid,Ultra-concentrated biostimulant (fulvic acid + humic extracts + trace minerals),"Ultra-concentrated fulvic complex, 1500+ chelation capacity",,https://www.plantdoctor.com.au/stimulizer-super-concentrate-bio-stimulant-natural,"30mL, 1L, 4L, 10L",Every 2 weeks,14,year_round,0,24,mixable,spray,Can tank-mix with iron. Use at very low rates.,1,0,1,1,1,1,1,0,1,"Apply fortnightly or as required. Can be used year-round to support root development, nutrient uptake, stress recovery and overall plant health.","3 mL per 100 m². 2 mL per 9 L watering can for home gardens. Turf, hydroponic and broadacre rates vary.",,"Apply as a soil drench, foliar spray, hydroponic additive or mixed with fertilisers and other liquid inputs. Compatible with acidic and alkaline materials. Does not burn plants, lawns or soil if over-applied, but best results are at recommended rates. The only product the guide says can be safely mixed with iron.","Apply fortnightly or when required. Does not burn or damage the plant, lawn or soil if over-applied, but works best at lower rates.","Mix fully into water for even spray coverage. Can be applied as a soil drench, foliar spray, in hydroponic solutions, or via fertigation/irrigation systems. For foliar use, mix in sufficient water to cover leaf surfaces without runoff.",3–5 mL / 100 m²,"Stimulizer enhances root development, nutrient uptake, soil microbial activity, stress resistance and overall plant vigor. It is compatible with other liquid fertilisers and tank mixes (perform a jar test first). Also used in hydroponics at lower per‑L rates",0,"Can tank-mix with iron. Use at very low rates. | Apply as a soil drench, foliar spray, hydroponic additive or mixed with fertilisers and other liquid inputs. Compatible with acidic and alkaline materials. Does not burn plants, lawns or soil if over-applied, but best results are at recommended rates. The only product the guide says can be safely mixed with iron. | Stimulizer enhances root development, nutrient uptake, soil microbial activity, stress resistance and overall plant vigor. It is compatible with other liquid fertilisers and tank mixes (perform a jar test first). Also used in hydroponics at lower per‑L rates",1,1,1,1
SWS,Seaweed Secrets Concentrated Liquid Seaweed (Ascophyllum nodosum + Humic + Fulvic),Seaweed Secrets,biology,liquid,Liquid biostimulant (seaweed + humic + fulvic soil conditioner blend),Cold-processed Ascophyllum nodosum + humic + fulvic,,https://www.plantdoctor.com.au/seaweed-secrets-concentrated-liquid-seaweed-kelp-s,"1L, 5L, 10L",Every 2 weeks,14,year_round,0,24,mixable,spray,Mixable with Stimulizer and most non-iron feeds.,1,0,1,1,1,1,1,0,0,"Apply fortnightly or as required throughout the growing season. Ideal during heat, drought, frost, transplanting or recovery. Can be used year-round to support ongoing plant and soil health.",100 mL per 100 m². Agricultural rates vary.,,"Apply as a soil drench, foliar spray, fertigation or through sprinkler/drip irrigation. Can be mixed with most fertilisers and soil conditioners. When applying to foliage, check for staining on sensitive plants first.",Apply fortnightly or as required,"Mix into sufficient water for even foliar or soil coverage; apply via sprayer, irrigation, or fertigation. Can be applied to soil or foliage",100 mL / 100 m²,"Seaweed extract with added humic & fulvic acids, rich in minerals and plant growth stimulants.
Compatible with most fertilisers and soil conditioners; do not mix with iron products.
Can be used across lawns, garden beds, vegetables, trees and broadacre crops.",1,"Mixable with Stimulizer and most non-iron feeds. | Apply as a soil drench, foliar spray, fertigation or through sprinkler/drip irrigation. Can be mixed with most fertilisers and soil conditioners. When applying to foliage, check for staining on sensitive plants first. | Seaweed extract with added humic & fulvic acids, rich in minerals and plant growth stimulants.
Compatible with most fertilisers and soil conditioners; do not mix with iron products.
Can be used across lawns, garden beds, vegetables, trees and broadacre crops. | For natives and other sensitive plants, use Seaweed Secrets and Activ8Mate at half strength.",1,1,1,1
WMB,Worm Magic Liquid Compost Tea (Brewed from Worm Castings),Worm Magic Liquid Compost Tea,biology,liquid,Liquid compost tea; microbial soil tonic (worm casting extract + humic/fulvic),Living compost tea + humic & fulvic acids,,https://www.plantdoctor.com.au/worm-magic-brewed-from-worm-castings,"1L, 4L, 10L",Every 2–4 weeks in the growing season,21,growing_season,0,12,no_iron_mix,spray,More often during stress or transplanting. Do not tank-mix with iron (humic/fulvic).,1,0,1,1,1,1,0,0,0,"Apply every 2–4 weeks throughout the growing season. Increase frequency during periods of stress, transplanting or active growth.",Varies by application type.,,"Apply as a soil drench, foliar spray, fertigation or irrigation. For best results on lawns, apply after mowing and water into the soil. Contains humic and fulvic acids — do not tank-mix with iron.",Every 2–4 weeks after mowing,Mix in water; foliar spray or soil drench. Jar test before mixing with other products.,90–120 mL / 100 m²,"Lawn foliar/soil rate 9–12 L/ha (90–120 mL/100 m²). Apply evenly after mowing. Do not tank-mix with iron. | Garden beds and small lawns: 50–100 mL per 9 L water. Containers: 10–20 mL per 1 L water every 2–4 weeks. Fruit trees and shrubs: 100–150 mL per 9 L around the drip line every 4–6 weeks. | Horticulture foliar 5–7 L/ha. Fruit trees and shrubs at hobby rate 100–150 mL per 9 L around the drip line. | Pastures, broadacre, and fertigation 10–20 L/ha.",0,"More often during stress or transplanting. Do not tank-mix with iron (humic/fulvic). | Apply as a soil drench, foliar spray, fertigation or irrigation. For best results on lawns, apply after mowing and water into the soil. Contains humic and fulvic acids — do not tank-mix with iron. | Lawn foliar/soil rate 9–12 L/ha (90–120 mL/100 m²). Apply evenly after mowing. Do not tank-mix with iron. | Garden beds and small lawns: 50–100 mL per 9 L water. Containers: 10–20 mL per 1 L water every 2–4 weeks. Fruit trees and shrubs: 100–150 mL per 9 L around the drip line every 4–6 weeks. | Horticulture foliar 5–7 L/ha. Fruit trees and shrubs at hobby rate 100–150 mL per 9 L around the drip line. | Pastures, broadacre, and fertigation 10–20 L/ha.",1,1,1,1
WMP,Worm Magic Casting Pellets,Worm Magic Casting Pellets,biology,pellets,Organic slow-release fertiliser; soil conditioner (pelletised worm castings),"~5.05-2-2.11 NPK, 34% carbon, humic, fulvic, microbes",5-2-2,https://www.plantdoctor.com.au/worm-magic-casting-pellets,"10kg, 20kg",Every 3 months on lawns and beds,90,year_round,0,4,granular,spread,Pots every 4–6 weeks.,0,0,1,0,0,0,0,0,0,"Apply during soil preparation, planting or as part of an ongoing soil health program. For pots, apply every 4–6 weeks to maintain soil condition and plant performance.",Varies by application type.,,"Apply evenly around plants, garden beds or lawn areas and water in after application to activate. Can be incorporated into soil, applied as a top dress or placed directly into planting holes for trees and vines.",Every 4–6 weeks or as required,"Do not dilute — broadcast spread or work into the top layer of soil, then water in.",20–40 g / m²,"Distribute evenly across lawn and garden areas and water in thoroughly. Typical home rate 20–40 g/m² (2–4 kg/100 m²). | Spread around plants, shrubs, or garden beds at 20–40 g/m². For pots: 2 tablespoons per 5 L potting mix, worked into the top layer. | Horticulture 250–1000 kg/ha. Apply along the drip line, into the planting hole, or as an even broadcast. | Broadacre and pastures 100–250 kg/ha. Band about 5 cm below the surface at sowing, or broadcast as a top-dress.",0,"Pots every 4–6 weeks. | Apply evenly around plants, garden beds or lawn areas and water in after application to activate. Can be incorporated into soil, applied as a top dress or placed directly into planting holes for trees and vines. | Distribute evenly across lawn and garden areas and water in thoroughly. Typical home rate 20–40 g/m² (2–4 kg/100 m²). | Spread around plants, shrubs, or garden beds at 20–40 g/m². For pots: 2 tablespoons per 5 L potting mix, worked into the top layer. | Horticulture 250–1000 kg/ha. Apply along the drip line, into the planting hole, or as an even broadcast. | Broadacre and pastures 100–250 kg/ha. Band about 5 cm below the surface at sowing, or broadcast as a top-dress.",1,1,1,1
1075,Gypsum Granules (1–2mm Mini Prill),Gypsum Granules 1–2mm Mini Prill,soil_structure,granular,Soil conditioner (calcium sulphate mineral amendment),"19% Ca, 14% S",,https://www.plantdoctor.com.au/gypsum-granules-1-2mm-mini-prill,20kg,Once at the start of the plan (repeat yearly),365,year_round,1,1,granular,spread,"For compacted, clay or sodic soils.",0,0,1,0,0,0,0,0,0,"Apply when soils are compacted, heavy clay, sodic, or calcium deficient. Ideal during soil preparation, before planting, or as part of an ongoing soil improvement program.",100 g per m² (10 kg per 100 m²). Ideally based on soil analysis.,,"Apply evenly across the soil surface and water in after application to assist movement into the soil profile. Suitable for lawns, gardens, landscaping, parks, ovals and agricultural applications.",One-off application or as required based on soil test and soil structure objectives; repeat annually or at soil review intervals.,"Not diluted — broadcast spread evenly and, if possible, lightly irrigate or water in to aid soil penetration.",,"Provides slow-release calcium sulphate to improve soil structure, reduce compaction, and enhance nutrient availability.
Ideal for clay soils, compacted sites, lawns, garden beds, landscapes, and larger soil amelioration projects.
 Best used in conjunction with soil analysis and balanced nutrition plan.",0,"For compacted, clay or sodic soils. | Apply evenly across the soil surface and water in after application to assist movement into the soil profile. Suitable for lawns, gardens, landscaping, parks, ovals and agricultural applications. | Provides slow-release calcium sulphate to improve soil structure, reduce compaction, and enhance nutrient availability.
Ideal for clay soils, compacted sites, lawns, garden beds, landscapes, and larger soil amelioration projects.
 Best used in conjunction with soil analysis and balanced nutrition plan.",1,1,1,1
1156,"Roots, Shoots & Leaves Granular Fertiliser (16-2-10 NPK + T/E)","Roots, Shoots & Leaves - Granular",nutrition,granular,Controlled-release granular fertiliser (mineral + trace elements),"16-2-10 NPK + silica, S, Ca, Mg, traces, zeolite, wetter",16-2-10,https://www.plantdoctor.com.au/roots-shoots-leaves-granular-fertiliser-16-2-10-np,"1kg, 4.5kg, 20kg",Every 3 months,90,year_round,0,4,granular,spread,,0,0,1,0,0,0,0,0,0,Apply every 2–3 months or as required. Apply more frequently during active growing periods and reduce applications during slower winter growth.,Varies by application type.,,"Apply evenly around the plant root zone or across turf areas and water in after application. Suitable for lawns, vegetables, fruit trees, ornamentals, shrubs, natives and potted plants. Can be used with liquid fertilisers and soil conditioners.","Apply every 2–3 months or as required (more in summer, less in winter)",Spread evenly; water in lightly after application.,5.5kg g / 100 m²,"Slow-release fertiliser feeding nitrogen, potassium and trace elements for sustained growth up to several months. Adjust based on turf vigour and soil conditions. | Works as a slow-release base in potting mixes. | Higher rates recommended for dense flowers/foliage. | Different rates for small/medium/large shrubs and trees; adjust to canopy size. | Balanced nutrition supports leafy and fruiting stages.",0,"Apply evenly around the plant root zone or across turf areas and water in after application. Suitable for lawns, vegetables, fruit trees, ornamentals, shrubs, natives and potted plants. Can be used with liquid fertilisers and soil conditioners. | Slow-release fertiliser feeding nitrogen, potassium and trace elements for sustained growth up to several months. Adjust based on turf vigour and soil conditions. | Works as a slow-release base in potting mixes. | Higher rates recommended for dense flowers/foliage. | Different rates for small/medium/large shrubs and trees; adjust to canopy size. | Balanced nutrition supports leafy and fruiting stages.",1,1,1,1
29782,Rescue Remedy Soluble Seaweed (Ascophyllum nodosum) Powder / Flakes,Rescue Remedy,biology,powder,Seaweed biostimulant (organic soluble kelp extract),100% Ascophyllum nodosum; 16–21% K,,https://www.plantdoctor.com.au/rescue-remedy-soluble-seaweed-kelp-powder-flakes-a,"500g, 4.5kg, 20kg",Every 2 weeks in the growing season,14,growing_season,0,16,mixable,spray,"Apply independently. Extra applications during drought, heat, frost or transplant stress.",0,1,1,1,0,1,0,0,0,"Apply fortnightly or as required throughout the growing season. Ideal during drought, heat, frost, transplanting or waterlogging. Apply prior to flowering to support fruit and flower development.",10 g per 10 L water or 10 g per 100 m² for general use. Agricultural rates vary.,,"Dissolve completely in water before application. Suitable for foliar spraying, soil drenching, irrigation and fertigation. May not be compatible with acidic fertilisers such as calcium nitrate, liquid phosphates and sulphate-based trace elements.",Apply fortnightly or as required,"Dissolve fully in water before applying; apply as foliar spray, soil drench, or via irrigation/fertigation",10g g / 100 m²,"Premium Ascophyllum nodosum seaweed bio‑stimulant packed with natural hormones, trace elements, amino acids, and carbohydrates to improve root growth, stress resilience and plant vigour.
Works via foliar spray or irrigation/fertigation and suitable for lawns, gardens, orchard crops and broadacre use.",0,"Apply independently. Extra applications during drought, heat, frost or transplant stress. | Dissolve completely in water before application. Suitable for foliar spraying, soil drenching, irrigation and fertigation. May not be compatible with acidic fertilisers such as calcium nitrate, liquid phosphates and sulphate-based trace elements. | Premium Ascophyllum nodosum seaweed bio‑stimulant packed with natural hormones, trace elements, amino acids, and carbohydrates to improve root growth, stress resilience and plant vigour.
Works via foliar spray or irrigation/fertigation and suitable for lawns, gardens, orchard crops and broadacre use.",1,1,1,1
29800,Quantum H Premium Humic Acid Solution (Liquid Soil Conditioner),Quantum H,uptake,liquid,Liquid humic acid; fulvic acid soil conditioner,Premium liquid potassium humate from leonardite,,https://www.plantdoctor.com.au/quantum-h-premium-humic-acid-solution,"1L, 4L, 10L",Every 2 weeks,14,year_round,0,20,no_iron_mix,spray,Do not tank-mix with iron.,1,0,1,1,1,1,1,0,0,"Apply fortnightly or as required for home gardens. For agricultural applications, apply throughout the growing season or as part of a regular soil health program.",100 mL per 100 m². Agricultural rates vary.,,"Can be applied as a soil drench, foliar-compatible input, fertigation, sprinkler/drip irrigation or mixed with liquid nutrients. Compatible with most fertilisers, pesticides, fungicides and biological inputs. Avoid mixing directly with iron-based products.",Apply fortnightly or as required,"Dilute in water and spray or drench soil; mix well before use, minimum 1:20 dilution with water. Suitable for soil drench, fertigation, sprinkler, or irrigation.",100 mL / 100 m²,"Quantum H is a liquid humic and fulvic acid soil conditioner that improves soil structure, nutrient availability, water retention, and microbial activity.
Not compatible with iron‑based products — apply separately.
Suitable for irrigation systems (sprinkler/drip) with small applications integrated per irrigation.",0,"Do not tank-mix with iron. | Can be applied as a soil drench, foliar-compatible input, fertigation, sprinkler/drip irrigation or mixed with liquid nutrients. Compatible with most fertilisers, pesticides, fungicides and biological inputs. Avoid mixing directly with iron-based products. | Quantum H is a liquid humic and fulvic acid soil conditioner that improves soil structure, nutrient availability, water retention, and microbial activity.
Not compatible with iron‑based products — apply separately.
Suitable for irrigation systems (sprinkler/drip) with small applications integrated per irrigation.",1,1,1,1
29814,Fulvic Acid Powder 92% Premium Concentrated Soluble (Potassium Fulvate),Fulvic Acid Powder >92%,uptake,powder,Organic soil bio-stimulant (fulvic acid chelation + nutrient transport + microbial activation system),">92% fulvic acid, CEC ~1400",,https://www.plantdoctor.com.au/fulvic-acid-powder-92-premium-concentrated-soluble,,Every 3 weeks in the growing season,21,growing_season,0,12,no_iron_mix,spray,"Use at seeding, transplant, flowering or stress. Jar test before mixing. Do not tank-mix with iron.",0,0,0,1,1,1,1,0,0,"Apply throughout the growing season as required. Particularly beneficial during seeding, transplanting, flowering, fruiting, nutrient deficiencies, and periods of plant stress.",Varies by application type.,,"Fully soluble powder suitable for fertigation, foliar sprays, soil drenches and hydroponic systems. Can be combined with fertilisers to improve nutrient efficiency. Always conduct a jar test before mixing with new products, especially selective herbicides. Store sealed and dry.",,,,,0,"Use at seeding, transplant, flowering or stress. Jar test before mixing. Do not tank-mix with iron. | Fully soluble powder suitable for fertigation, foliar sprays, soil drenches and hydroponic systems. Can be combined with fertilisers to improve nutrient efficiency. Always conduct a jar test before mixing with new products, especially selective herbicides. Store sealed and dry.",1,1,1,0
414,Fulvic Acid Liquid Bio-Stimulant,Fulvic Acid Liquid,uptake,liquid,Soil conditioner; nutrient chelator;  biostimulant,High-grade fulvic acid,,https://www.plantdoctor.com.au/fulvic-acid-liquid-a-powerful-bio-stimulant,"1L, 4L, 10L",Weekly or fortnightly as required,14,year_round,0,24,no_iron_mix,spray,Do not tank-mix with iron.,1,0,1,1,1,1,1,0,0,"Apply weekly or fortnightly as required throughout the growing season. Suitable for year-round use across turf, gardens, vegetables, fruit trees, hydroponics and agricultural systems.",Varies by application type.,,"Can be applied through soil, foliar sprays, fertigation or hydroponic systems. Compatible with most fertilisers, soil conditioners and crop inputs; always conduct a jar test before tank mixing.",Weekly or fortnightly as required,180:100,11.6–14.5 mL / 100 m²,"Fulvic acid chelates soil nutrients and improves uptake, root growth and plant stress resistance. Compatible with most fertilisers, soil conditioners, foliar sprays and hydroponic systems; always jar test before mixing. Can be used at any time of the year on all soil types which grow plants; turf, lawns, golf greens, all home garden plants, sandy and clay soils, pot plants, vegetables, and fruit trees.",0,"Do not tank-mix with iron. | Can be applied through soil, foliar sprays, fertigation or hydroponic systems. Compatible with most fertilisers, soil conditioners and crop inputs; always conduct a jar test before tank mixing. | Fulvic acid chelates soil nutrients and improves uptake, root growth and plant stress resistance. Compatible with most fertilisers, soil conditioners, foliar sprays and hydroponic systems; always jar test before mixing. Can be used at any time of the year on all soil types which grow plants; turf, lawns, golf greens, all home garden plants, sandy and clay soils, pot plants, vegetables, and fruit trees.",1,1,1,1
513,"Humate / Humic Acid Granules (45–50% Humic, 2–4mm)",Humate / Humic Acid Granules (45–50%),uptake,granular,Soil conditioner (humic substance / organic carbon amendment),45–50% humic acid from leonardite,,https://www.plantdoctor.com.au/humate-humic-acid-45-50-granules-2-4mm-cert.-organ,"1kg, 4.5kg, 20kg",Every 3 months,90,year_round,0,4,granular,spread,"Spread on the top layer of soil, under mulch, or dug in. Does not need to be watered in.",0,0,0,0,0,0,0,0,0,"Apply every 3 months as part of an ongoing soil improvement program. Ideal before planting, during establishment, after fertiliser application, or whenever soils have poor nutrient availability, low organic carbon or reduced microbial activity.",2–5 kg per 100 m² depending on plant type.,,"Apply evenly by hand or broadcast spreader onto the top layer of soil, under mulch, or dug in. Does not need to be watered in. Suitable for lawns, vegetables, fruit trees, crops, ornamentals and all soil types. Can be applied alongside fertilisers, side dressing, seeding and planting.",Apply approximately every 3 months or as required.,"Do not dilute with water — broadcast spread or side dress into soil, then water in. Use with fertiliser or at planting, pre‑seeding and side dress.",,"Humate granules improve soil structure, chelate nutrients, stimulate microbial activity, and support root growth. Suitable for all soil types and crops; work alongside fertilisers. | For individual pots can apply at roughly one handful per pot. Humate granules improve soil structure, chelate nutrients, stimulate microbial activity, and support root growth. Suitable for all soil types and crops; work alongside fertilisers.",0,"Spread on the top layer of soil, under mulch, or dug in. Does not need to be watered in. | Apply evenly by hand or broadcast spreader onto the top layer of soil, under mulch, or dug in. Does not need to be watered in. Suitable for lawns, vegetables, fruit trees, crops, ornamentals and all soil types. Can be applied alongside fertilisers, side dressing, seeding and planting. | Humate granules improve soil structure, chelate nutrients, stimulate microbial activity, and support root growth. Suitable for all soil types and crops; work alongside fertilisers. | For individual pots can apply at roughly one handful per pot. Humate granules improve soil structure, chelate nutrients, stimulate microbial activity, and support root growth. Suitable for all soil types and crops; work alongside fertilisers.",1,1,1,1
526,Humic Acid 80% Powder (99% Soluble),Humic acid 80% (Humate) Powder - 99% Soluble,uptake,powder,High-concentration soil conditioner (humic substance biostimulant),"80% humic acid, 99% soluble potassium humate",,https://www.plantdoctor.com.au/plant-doctor-humic-acid-80-humate-powder-99-solubl,"1kg, 4.5kg, 25kg",Every 2–4 weeks during active growth,21,growing_season,0,12,no_iron_mix,spray,Jar test before mixing. Do not tank-mix with iron.,0,0,0,1,1,1,0,0,0,"Apply every 2–4 weeks during active growth, or as required when soils have poor nutrient availability, low organic carbon, salt stress or reduced biological activity.",Varies by application type.,,"Pre-mix powder in water before application to ensure complete dissolution. Apply as a soil drench, foliar spray or through fertigation. Can be used alongside fertilisers and biological inputs, but perform a jar test before mixing.",Calculation is assuming typical water volume of 8-10L per 100 m². Apply fortnightly.,"Mix powder fully in water; apply as foliar spray or soil drench, or add to fertigation/irrigation. Ensure complete dissolution before spraying.",8–30 g / m²,"Humic acid improves soil structure, nutrient uptake, microbial activity, and water retention.
Compatible with most fertilisers and crop inputs; always perform a jar test if mixing.
Effective for soil detoxification and enhancing fertiliser performance.",0,"Jar test before mixing. Do not tank-mix with iron. | Pre-mix powder in water before application to ensure complete dissolution. Apply as a soil drench, foliar spray or through fertigation. Can be used alongside fertilisers and biological inputs, but perform a jar test before mixing. | Humic acid improves soil structure, nutrient uptake, microbial activity, and water retention.
Compatible with most fertilisers and crop inputs; always perform a jar test if mixing.
Effective for soil detoxification and enhancing fertiliser performance.",1,1,1,1
547,Kendon Iron Chelate (130g/kg Fe as EDTA complex),Iron Chelate Microgranules,visual,powder,Micronutrient fertiliser (chelated iron source),13% Fe as EDTA chelate (130 g/kg),,https://www.plantdoctor.com.au/kendon-iron-chelate,,Every 4 weeks from spring through autumn,28,growing_season,0,6,iron,spray,Use at the start of growth or when leaves yellow. Preferred on alkaline soils.,0,1,0,1,1,1,0,0,0,"Apply from spring through autumn, especially at the start of active growth or whenever signs of iron deficiency appear, such as yellowing leaves, pale colour or reduced plant vigour.",Varies by application type.,,"Dissolve microgranules fully in water before application. Can be applied as a foliar spray, soil drench, pressure injection or through fertigation. Unlike iron sulphate, it is compatible with most fertilisers, but a jar test is recommended before mixing. Avoid contact with concrete and porous surfaces as staining may occur.",,,,,0,"Use at the start of growth or when leaves yellow. Preferred on alkaline soils. | Dissolve microgranules fully in water before application. Can be applied as a foliar spray, soil drench, pressure injection or through fertigation. Unlike iron sulphate, it is compatible with most fertilisers, but a jar test is recommended before mixing. Avoid contact with concrete and porous surfaces as staining may occur.",1,1,1,0
557,VolcaMin Clinoptilolite Zeolite (Mineral Conditioner),VolcaMin – Premium Clinoptilolite Zeolite,soil_structure,granular,Permanent soil mineral amendment (zeolite / cation exchange enhancer),100% natural clinoptilolite zeolite,,https://www.plantdoctor.com.au/volcamin-clinoptilolite-zeolite,"1kg, 4.5kg, 20kg",Once at the start of the plan (repeat yearly),365,year_round,1,1,granular,spread,Does not break down.,0,0,0,0,0,0,0,0,0,"Apply during soil preparation, planting, turf installation or as an annual soil amendment. Benefits are long-lasting as VolcaMin does not break down over time.",Varies by application type.,,"Incorporate into soil, potting mixes, compost blends or apply around root zones. Can be blended with fertilisers. <1 mm powder: seed coatings, compost, fertigation, liquid suspension. 1–2 mm: potting mixes, gardens, seed raising. 2–4 mm: turf, landscaping, tree planting, drainage.",One‑off or annual soil amendment — long‑lasting soil conditioner (does not break down),"Not diluted — broadcast or blend into soil/soil mix or compost; incorporate into top soil or planting hole, or mix with fertiliser blends (e.g., 25–50 % of fertiliser blend weight)",,"Natural zeolite improves soil structure, nutrient retention, water holding capacity, and reduces leaching.
Works in potting mixes, raised beds, gardens, turf, and broadacre soils.
Can be mixed into fertiliser blends at 25–50 % of blend to enhance nutrient efficiency.",0,"Does not break down. | Incorporate into soil, potting mixes, compost blends or apply around root zones. Can be blended with fertilisers. <1 mm powder: seed coatings, compost, fertigation, liquid suspension. 1–2 mm: potting mixes, gardens, seed raising. 2–4 mm: turf, landscaping, tree planting, drainage. | Natural zeolite improves soil structure, nutrient retention, water holding capacity, and reduces leaching.
Works in potting mixes, raised beds, gardens, turf, and broadacre soils.
Can be mixed into fertiliser blends at 25–50 % of blend to enhance nutrient efficiency.",1,1,1,1
562,,,,Powder,Soil Amendmenet,,,https://www.plantdoctor.com.au/volcamin-clinoptilolite-zeolite-horticulture-agric~562,"1kg, 4.5kg, 20kg",,,,0,,,,,0,0,0,0,0,0,0,0,0,,,,,"One‑off or annual soil amendment — long‑lasting soil conditioner (does not break down). Sprinkle over the lawn, garden, or pot plants by hand or with a granular fertiliser applicator. Work into the soil for best results. Before laying new turf, lay under topsoil.","Not diluted — broadcast or blend into soil/soil mix or compost; incorporate into top soil or planting hole, or mix with fertiliser blends (e.g., 25–50 % of fertiliser blend weight)",25–100 g / m²,"Natural clinoptilolite zeolite enhances soil nutrient retention and water holding capacity, releasing nutrients slowly as plants need them.
Especially beneficial in sandy, hydrophobic, or nutrient‑poor soils and high‑leaching conditions.
Also used in potting mixes, planting holes, and compost blends to boost water/nutrient efficiency; zeolite can also remove odours or improve manure value.",0,"Natural clinoptilolite zeolite enhances soil nutrient retention and water holding capacity, releasing nutrients slowly as plants need them.
Especially beneficial in sandy, hydrophobic, or nutrient‑poor soils and high‑leaching conditions.
Also used in potting mixes, planting holes, and compost blends to boost water/nutrient efficiency; zeolite can also remove odours or improve manure value.",0,0,0,1
567,,,,Powder,Soil Amendmenet,,,https://www.plantdoctor.com.au/volcamin-clinoptilolite-zeolite-horticulture-agric~567,"1kg, 4.5kg, 20kg",,,,0,,,,,0,0,0,0,0,0,0,0,0,,,,,One‑off or annual soil amendment — long‑lasting soil conditioner (does not break down),"Not diluted — broadcast or blend into soil/soil mix or compost; incorporate into top soil or planting hole, or mix with fertiliser blends (e.g., 25–50 % of fertiliser blend weight)",,"Natural zeolite improves soil structure, nutrient retention, water holding capacity, and reduces leaching.
Works in potting mixes, raised beds, gardens, turf, and broadacre soils.
Can be mixed into fertiliser blends at 25–50 % of blend to enhance nutrient efficiency.",0,"Natural zeolite improves soil structure, nutrient retention, water holding capacity, and reduces leaching.
Works in potting mixes, raised beds, gardens, turf, and broadacre soils.
Can be mixed into fertiliser blends at 25–50 % of blend to enhance nutrient efficiency.",0,0,0,1
575,"Flowers, Fruits & Roots Granular Fertiliser (8-2-20 + T/E)","Flowers, Fruits & Roots - Granular",nutrition,granular,Granular fertiliser (slow-release mineral),"8-2-20 NPK + 8.8% S, 6.9% silica, Ca, Mg, traces",8/2/20,https://www.plantdoctor.com.au/flowers-fruits-roots-granular-fertiliser-8-2-20-np,"1kg, 4.5kg, 20kg",Every 3 months,90,year_round,0,4,granular,spread,Garden flower/fruit granular. Not for lawns.,0,0,1,0,0,0,0,0,0,"Apply during active growth, flowering and fruiting periods. Suitable for year-round use where plants require additional potassium and mineral nutrition.",2–5.5 kg per 100 m² depending on plant type.,,"Apply evenly around plants and water in well after application. Suitable for flowers, vegetables, herbs, fruit trees, ornamental plants and lawns. Use caution with phosphorus-sensitive natives such as grevilleas, banksias and proteas.",Once at planting or when growth/fruiting requires feeding; slow‑release over ~4–6 months.,Not a liquid product — broadcast or incorporate into soil/around root zone; lightly water in after application.,70g g / 100 m²,"Application rates vary significantly with plant type; product is designed to support flowering, fruiting and root strength and is not intended for lawn nutrition (other products like MaxGreen or Lawn‑specific fertilisers are recommended for turf). Use caution with phosphorus‑sensitive natives — trial small areas first.",0,"Garden flower/fruit granular. Not for lawns. | Apply evenly around plants and water in well after application. Suitable for flowers, vegetables, herbs, fruit trees, ornamental plants and lawns. Use caution with phosphorus-sensitive natives such as grevilleas, banksias and proteas. | Application rates vary significantly with plant type; product is designed to support flowering, fruiting and root strength and is not intended for lawn nutrition (other products like MaxGreen or Lawn‑specific fertilisers are recommended for turf). Use caution with phosphorus‑sensitive natives — trial small areas first.",1,1,1,1
636,Micronised Gypsum Liquid (Organic Certified Clay Buster – Calcium + Sulphur Soil Conditioner),Micronised Gypsum Liquid,soil_structure,liquid,Soil structure conditioner (calcium + sulphur amendment for clay breakup + sodic soil remediation),"16.5% Ca, 13% S",,https://www.plantdoctor.com.au/Plant-Doctor-Micronised-Gypsum-Liquid-Organic-Certified,,Every 2–4 weeks for clay soils,21,growing_season,0,12,no_iron_mix,spray,"Home garden: 45 mL in 9 L water, apply 1 L/m². Higher rates on heavy clay. Drench or use equipment that can take larger particles. Coarse 500-micron filter. Do not tank-mix with iron. Not for drippers.",0,0,0,1,1,1,0,0,0,"Apply every 2–4 weeks, or as required, to improve clay soils, correct calcium and sulphur deficiencies, and support ongoing soil conditioning. Higher rates for heavy clay soils.","Home garden: 45 mL in 9 L water, apply 1 L/m² (500 mL per 100 m²). Soil ameliorant or fertigation: 10–50 L/ha. Foliar: 1 L per 100 L water, up to 5–7 L/ha depending on crop.",1:3,Shake or stir well before use and keep agitating. Pre-mix slowly. Will pass a 200-micron filter under ideal conditions; a coarse inline filter (500 micron / 35 mesh) is recommended. Drench with a watering can or equipment that can take larger particles. Not suitable for drippers. Foliar use can leave a visible residue on leaves and fruit. Jar test before mixing. Liquid inject minimum dilution 1-part product to 3-parts water. Store cool and keep sealed.,Every 2–4 weeks,Home garden: 45 mL in 9 L water; apply 1 L of mix per m² (500 mL product per 100 m²).,500 mL / 100 m²,Shake or stir well before use and keep agitating. Pre-mix slowly. Coarse inline filter (500 micron / 35 mesh) recommended. Drench with a watering can or equipment that can take larger particles; not for drippers. Foliar use can leave a visible residue. Jar test before mixing. Liquid inject minimum dilution 1:3. | Use higher rates for heavy clay (soil amelioration). Shake or stir well before use and keep agitating. Pre-mix slowly. Coarse inline filter (500 micron / 35 mesh) recommended. Drench with a watering can or equipment that can take larger particles; not for drippers. Foliar use can leave a visible residue. Jar test before mixing. Liquid inject minimum dilution 1:3.,0,"Home garden: 45 mL in 9 L water, apply 1 L/m². Higher rates on heavy clay. Drench or use equipment that can take larger particles. Coarse 500-micron filter. Do not tank-mix with iron. Not for drippers. | Shake or stir well before use and keep agitating. Pre-mix slowly. Will pass a 200-micron filter under ideal conditions; a coarse inline filter (500 micron / 35 mesh) is recommended. Drench with a watering can or equipment that can take larger particles. Not suitable for drippers. Foliar use can leave a visible residue on leaves and fruit. Jar test before mixing. Liquid inject minimum dilution 1-part product to 3-parts water. Store cool and keep sealed. | Shake or stir well before use and keep agitating. Pre-mix slowly. Coarse inline filter (500 micron / 35 mesh) recommended. Drench with a watering can or equipment that can take larger particles; not for drippers. Foliar use can leave a visible residue. Jar test before mixing. Liquid inject minimum dilution 1:3. | Use higher rates for heavy clay (soil amelioration). Shake or stir well before use and keep agitating. Pre-mix slowly. Coarse inline filter (500 micron / 35 mesh) recommended. Drench with a watering can or equipment that can take larger particles; not for drippers. Foliar use can leave a visible residue. Jar test before mixing. Liquid inject minimum dilution 1:3.",1,1,1,1
664,Nature’s Soil Wetter Granular (Plant-Derived Wetting Agent),Nature's Soil Wetter granules,soil_structure,granular,Soil wetter;  soil conditioner (surfactant-based soil hydrology system),Plant-derived surfactants + zeolite + botanical extracts + 70+ traces,,https://www.plantdoctor.com.au/Plant-Doctor-Natures-Soil-Wetter-Natural-GRANULAR-wetting-agent,"1kg, 4.5kg, 20kg",Every 3–6 months on home lawns,120,growing_season,0,3,granular,spread,3–6 months on lawns; 2–3 months on sports turf; 1–2 months on greens. Reapply if water still beads.,0,0,1,0,0,0,0,0,0,"Apply when soils become water repellent, dry, compacted or struggle to absorb moisture. Ideal as part of regular soil maintenance, during dry periods, or when improving soil structure.",Varies by surface type.,,"Apply evenly as a top-dress using a spreader or incorporate into potting mixes and garden beds. Watering after application is recommended to activate the granules, although not essential. Apply under tree drip lines or beneath mulch for fruit trees and natives.",Apply every 1-2 months,No dilution; evenly broadcast on soil or top‑dress under mulch and irrigate light to activate.,,"Improves soil water infiltration, retention and uniform distribution in hydrophobic, compacted or nutrient‑poor soils.
Suitable for lawns, gardens, potting mixes, crops, pastures, fruit trees, natives and landscape soil conditioning.
Can also be used for soil detoxification, microbe stimulation and sodium management.",0,"3–6 months on lawns; 2–3 months on sports turf; 1–2 months on greens. Reapply if water still beads. | Apply evenly as a top-dress using a spreader or incorporate into potting mixes and garden beds. Watering after application is recommended to activate the granules, although not essential. Apply under tree drip lines or beneath mulch for fruit trees and natives. | Improves soil water infiltration, retention and uniform distribution in hydrophobic, compacted or nutrient‑poor soils.
Suitable for lawns, gardens, potting mixes, crops, pastures, fruit trees, natives and landscape soil conditioning.
Can also be used for soil detoxification, microbe stimulation and sodium management.",1,1,1,1
721,"Flowers, Fruits & Roots Liquid Fertiliser (9-7-19 + T/E)","Flowers, Fruits & Roots - Liquid",nutrition,liquid,Liquid fertiliser (high potassium + humic),"9-7-19 NPK + humic, seaweed, traces",9/7/19,https://www.plantdoctor.com.au/flowers-fruits-and-roots-liquid-fertiliser,"1L, 4L, 10L",Every 4 weeks during flowering/fruiting,28,growing_season,0,10,mixable,spray,"Fortnightly on vegetables; every 6–8 weeks on trees, fruit and vines.",1,0,1,1,1,1,0,0,0,"Apply every 4 weeks during flowering/fruiting. Vegetables can be applied fortnightly when actively producing. Trees, fruit and vines can be applied every 6–8 weeks as required.",80–120 mL per 100 m² depending on plant type.,,"Apply evenly to soil or foliage during the cooler parts of the day. Shake well before use. Suitable for flowers, vegetables, fruit trees, herbs, ornamental plants and turf. Use caution with phosphorus-sensitive native plants.",Apply every 4 weeks or as required,Dilute in water sufficiently to spray foliage/soil evenly across area,100–250 mL / 100 m²,"Excellent for flowering garden beds, ornamentals & container plants. | Use throughout active vegetable growth for bloom and fruit set. | Supports flowering and fruit set on larger plants and orchard crops. | Designed for larger scale horticulture and broadacre use (e.g. orchards, vineyards).",0,"Fortnightly on vegetables; every 6–8 weeks on trees, fruit and vines. | Apply evenly to soil or foliage during the cooler parts of the day. Shake well before use. Suitable for flowers, vegetables, fruit trees, herbs, ornamental plants and turf. Use caution with phosphorus-sensitive native plants. | Excellent for flowering garden beds, ornamentals & container plants. | Use throughout active vegetable growth for bloom and fruit set. | Supports flowering and fruit set on larger plants and orchard crops. | Designed for larger scale horticulture and broadacre use (e.g. orchards, vineyards).",1,1,1,1
758,Neem Slow Release Granules (1–2mm),Neem Fertiliser Slow Release Granules,biology,granular,Organic slow-release granular fertiliser; soil conditioner,1-1-4 NPK + VolcaMin + neem oil + soil wetter,,https://www.plantdoctor.com.au/neem-fertiliser-slow-release-granules-1-2mm,,Once or twice a year,180,year_round,0,2,granular,spread,"Feeds up to 3 months. Ideal at renovation, before planting, or lawn recovery.",0,0,1,0,0,0,0,0,0,"Apply 1–2 times per year for ongoing soil improvement and long-term fertility. Ideal during turf renovation, lawn recovery, before planting, or when soils need improved nutrient retention.",50–100 g per m²,,"Apply evenly over the soil surface and, where possible, incorporate into the top 10 cm of soil. Can be applied before sowing, laying turf, or swept into aeration holes. Water in lightly after application to activate the neem and soil wetter components.",,,,,0,"Feeds up to 3 months. Ideal at renovation, before planting, or lawn recovery. | Apply evenly over the soil surface and, where possible, incorporate into the top 10 cm of soil. Can be applied before sowing, laying turf, or swept into aeration holes. Water in lightly after application to activate the neem and soil wetter components.",1,1,1,0
846,Iron Sulphate (Ferrous Sulphate Heptahydrate) Soluble Slow Release Powder,Iron Sulphate Heptahydrate Powder,visual,powder,Micronutrient fertiliser; soil conditioner (iron + sulphur amendment),"19.5% Fe, 11.5% S",,https://www.plantdoctor.com.au/iron-sulphate-soluble-slow-release-powder,,Every 4 weeks while correcting yellowing,28,growing_season,0,4,iron,spread,For moss prevention,0,1,1,0,0,0,0,0,0,"Apply when lawns show signs of iron deficiency, poor colour, alkaline soil, or moss growth. For moss prevention, apply every 6–8 weeks from late autumn through winter and early spring.",Varies by application goal.,,"Apply evenly using a broadcast spreader or dilute in water and spray. Water thoroughly after application. Avoid applying on windy days and wear protective gloves and a dust mask. Can stain concrete, paths and clothing.",,,,,0,"For moss prevention | Apply evenly using a broadcast spreader or dilute in water and spray. Water thoroughly after application. Avoid applying on windy days and wear protective gloves and a dust mask. Can stain concrete, paths and clothing.",1,1,1,0
886,CHAMPION Lawn & Fairway Fertiliser,Champion Lawn & Fairway 2-4mm granular fertiliser,nutrition,granular,Granular fertiliser (slow-release mineral),"15.1-3-8.9 NPK + 7.3% silica, 3.8% S, 3.4% Fe + VolcaMin",15-3-8,https://www.plantdoctor.com.au/champion-mineral-lawn-fairway-fertiliser-new,"1kg, 4.5kg, 20kg",Every 3 months,90,year_round,0,4,granular,spread,Half rate in autumn and winter.,0,1,1,0,0,0,0,0,0,Apply every 8–12 weeks during the active growing season (spring to autumn). Provides up to 3 months of sustained nutrition. Apply at 1/2 the rate during autumn and winter.,20–40 g per m² (2–4 kg per 100 m²). Half rate in autumn and winter.,,"Apply evenly using a broadcast spreader. Water in lightly after application to activate nutrients. Avoid applying during the heat of the day or when temperatures exceed 30°C. Suitable for residential lawns, fairways, tees, sports turf and professional turf applications.",Every 8-10 weeks during active growth or as required,Not applicable – broadcast evenly across surface; light water‑in after spreading.,,"Slow‑release feeding up to ~3 months; ideal after mowing or aeration.
Water in lightly after application to activate nutrients.
Can be used on lawns, turf, fairways, and around most plants (trial first if unsure).",0,"Half rate in autumn and winter. | Apply evenly using a broadcast spreader. Water in lightly after application to activate nutrients. Avoid applying during the heat of the day or when temperatures exceed 30°C. Suitable for residential lawns, fairways, tees, sports turf and professional turf applications. | Slow‑release feeding up to ~3 months; ideal after mowing or aeration.
Water in lightly after application to activate nutrients.
Can be used on lawns, turf, fairways, and around most plants (trial first if unsure).",1,1,1,1
892,CHAMPION Mineral Low Cut Lawn Fertiliser (Greens Grade),Champion Lawn & Greens Mini-Prill Fertiliser,nutrition,granular,"Granular fertiliser (slow-release mineral, mini-prill)","16.8-1.1-9.1 NPK + 8% silica, 3.15% Fe + VolcaMin",16-1-9,https://www.plantdoctor.com.au/champion-mineral-low-cut-lawn-fertiliser-new,"1kg, 4.5kg, 20kg",Every 3 months,90,year_round,0,4,granular,spread,Greens Grade for low-cut turf. Half rate in autumn and winter.,0,1,1,0,0,0,0,0,0,Apply every 8–12 weeks during the active growing season (spring to autumn). Provides up to 3 months of sustained nutrition. Apply at 1/2 the rate during autumn and winter.,20–40 g per m² (2–4 kg per 100 m²). Half rate in autumn and winter.,,"Apply evenly using a suitable spreader for fine turf applications. The 1–2 mm mini-prill size provides excellent distribution across low-cut lawns, greens and high-performance turf. Lightly water after application to activate nutrients and minimise the risk of leaf burn.",Every 8–12 weeks or as required during active growth,Apply evenly across the turf surface with a spreader; provide a light water‑in after spreading (best applied after mowing or aeration).,,"Slow‑release formulation feeds turf consistently for up to ~3 months.
Ideal for maintaining dense, low‑cut turf and greens.
Can also be used around beds and other lawn edges; conduct trial if unsure.",0,"Greens Grade for low-cut turf. Half rate in autumn and winter. | Apply evenly using a suitable spreader for fine turf applications. The 1–2 mm mini-prill size provides excellent distribution across low-cut lawns, greens and high-performance turf. Lightly water after application to activate nutrients and minimise the risk of leaf burn. | Slow‑release formulation feeds turf consistently for up to ~3 months.
Ideal for maintaining dense, low‑cut turf and greens.
Can also be used around beds and other lawn edges; conduct trial if unsure.",1,1,1,1
A8M,Activ8Mate Liquid Fertiliser & Inoculant (8-1-4 NPK + T/E),Activ8mate,nutrition,liquid,Liquid fertiliser + soil inoculant (biostimulant blend),"8-1-4 NPK + seaweed, fish, humic, fulvic, traces",8/1/04,https://www.plantdoctor.com.au/activ8mate-liquid-fertiliser-inoculant-for-use-on,"1L, 4L, 10L, 20L",Every 2 weeks,14,year_round,0,24,no_iron_mix,spray,Do not tank-mix with iron.,1,0,1,1,1,1,0,0,0,"Apply fortnightly during warmer months for active growth. During cooler months, reduce frequency or apply at a lower strength. Suitable for year-round soil and plant health programs.",100 mL per 100 m²,1:100,"Shake well before use. Apply evenly across lawns, gardens, vegetables, trees and natives. Light watering after application helps move nutrients into the soil and activate microbial processes. Suitable for foliar, soil and fertigation applications. Avoid mixing with iron products.",Every 2–4 weeks as needed,1:100,75–100 mL / 100 m²,"Use all year round; warmer months may benefit from more frequent, lighter applications.
Apply half‑rate on natives, orchids, African violets, and ferns.
Product enhances soil microbiology and plant nutrient uptake.",1,"Do not tank-mix with iron. | Shake well before use. Apply evenly across lawns, gardens, vegetables, trees and natives. Light watering after application helps move nutrients into the soil and activate microbial processes. Suitable for foliar, soil and fertigation applications. Avoid mixing with iron products. | Use all year round; warmer months may benefit from more frequent, lighter applications.
Apply half‑rate on natives, orchids, African violets, and ferns.
Product enhances soil microbiology and plant nutrient uptake. | For natives and other sensitive plants, use Seaweed Secrets and Activ8Mate at half strength.",1,1,1,1
A8X,Activ8EXTRA Boosted Liquid Fertiliser & Inoculant,Activ8EXTRA,nutrition,liquid,Liquid fertiliser; Biostimulant,"16-2-5 NPK + seaweed, fish, blood & bone, humic, fulvic",16-2-5,https://www.plantdoctor.com.au/activ8extra-high-nitrogen-liquid-lawn-fertiliser-p,"1L, 4L, 10L",Every 2 weeks,14,year_round,0,24,no_iron_mix,spray,Do not tank-mix with iron.,1,0,1,1,1,1,0,0,0,Apply fortnightly during spring and summer. Reduce frequency and/or application strength during cooler months. Suitable for year-round use to support soil biology.,75–100 mL per 100 m²,1:100,"Agitate well before use. Apply with sufficient water for even coverage and lightly water in if required. You can choose to lightly water in or leave on the leaf to dry prior to a light watering. Suitable for foliar, soil and fertigation applications. Compatible with most liquid fertilisers; always jar test before tank mixing.",Every 2–4 weeks as needed,Mix in water; apply evenly,75–100 mL / 100 m²,Avoid mixing with iron products; trial patch first,0,"Do not tank-mix with iron. | Agitate well before use. Apply with sufficient water for even coverage and lightly water in if required. You can choose to lightly water in or leave on the leaf to dry prior to a light watering. Suitable for foliar, soil and fertigation applications. Compatible with most liquid fertilisers; always jar test before tank mixing. | Avoid mixing with iron products; trial patch first",1,1,1,1
